 阿西莫夫科幻短篇全集：最后的问题 刘慈欣xBBC纪录片推荐蒲熠星推荐 阿西莫夫神就神在短篇，人类100年的进步追不上他1,¥119.00
 银河帝国：基地七部曲（全7册）（阿西莫夫：永恒的科幻经典！被马斯克用火箭送上太空的科幻神作，百万册珍藏版）读客科幻文库,¥378.00
 意识上传中（作者因为写得太好被怀疑是AI！特德·姜的偶像×新海诚的灵感来源，大奖拿到手软！不愧是硬科幻之王！）读客科幻文,¥56.00
 球状闪电（典藏版）,¥24.00
 阿西莫夫科幻经典（全3册）（“神一样的人”阿西莫夫被公认的经典巨作！时间旅行+平行宇宙+机器人学三大法则）读客科幻文库,¥154.80
 科幻硬阅读·超维度漫游·AI觉醒,¥36.20
 科幻小说：环太平洋套装（全三册），《变形金刚》《钢铁侠》作者、《星球大战》《星际穿越》作者强强联手，打造新时代的科幻经典,¥39.80
 科幻世界精选集2022 科幻世界出品,¥44.20
 科幻硬阅读·战争与和平（函套共4册）,¥144.90
 科幻硬阅读·战争与和平·太阳囚笼,¥36.20
 宇宙全能侦探社（无厘头爆笑科幻！《银河系搭车客指南》作者道格拉斯·亚当斯经典力作！马斯克把他的名言送上太空）读客科幻文库,¥49.90
 梦之海 （“雨果奖”得主刘慈欣短篇合集Ⅱ）,¥34.60
 科幻小说,¥30.20
 科幻硬阅读·战争与和平·星球大战,¥36.20
 三体Ⅹ·观想之宙（典藏版）,¥20.20
 威尔斯科幻小说精选：时间机器,¥14.00
 科幻世界精选集2021 姚海军 科幻世界出品,¥49.90
 科幻世界精选集2019,¥49.90
 科幻世界·三体(一),¥22.10
 科幻中国：消失的未来,¥48.00
 科幻中国：移魂有术,¥48.00
 科幻中国：拯救人类,¥48.00
 科幻硬阅读·牧星人——忘却的航程,¥46.80
 科幻硬阅读·牧星人——扭曲时空,¥46.80
 科幻硬阅读·未来已降——混沌蝴蝶,¥46.80
 银火箭少年科幻系列·第1辑（8册。“雨果奖”得主、三体作者刘慈欣主编，套装内作者作品曾获银河奖特等奖等多项国际大奖）,¥99.80
 科幻硬阅读·牧星人——宇宙墓碑,¥46.80
 科幻硬阅读·未来已降——七重外壳,¥46.80
 科幻硬阅读·牧星人——奇怪的外星人,¥46.80
 科幻中国：星际移民,¥48.00
 科幻中国：末日浩劫,¥48.00
 科幻中国：黑客横行,¥48.00
 科幻中国：战争变种,¥48.00
 科幻中国：平行世界,¥48.00
 科幻中国：外面的宇宙,¥48.00
 科幻中国：时空尽头,¥48.00
 科幻中国：深度撞击,¥48.00
 科幻中国：异种入侵,¥48.00
 科幻中国：百年守望,¥48.00
 科幻硬阅读·未来已降——最高序列,¥46.80
 100：科幻之书-II异站,¥76.60
 科幻硬阅读·牧星人（函套共4册）,¥187.20
 科幻硬阅读·未来已降（函套共3册）,¥140.40
 巴别塔 匡灵秀著 科幻界诺奖星云奖 轨迹奖 英国国家图书奖获奖作品 韩松 姚海军 何平 苗炜 陈楸帆 肖鼠击掌推荐 中信,¥69.00
 科幻剧院系列：此处有龙 最后的鸟鸣 亲吻人类,¥195.80
 造星主 科幻小说的灰色圣典 “戴森球”的灵感来源 一部科学版的《神曲》,¥61.40
 超新星纪元（典藏版）,¥28.80
 科幻世界·暗黑扫描仪,¥49.90
 科幻世界·机器之魂,¥59.50
 科幻世界精选集2022,¥27.37
 科幻世界精选集2022 编者:姚海军|责编:宋齐//姚海军|总主编:姚海军 四川科技 【新华书店正版图书书籍】,¥19.30
" 科幻硬阅读.战争与和平(全4册) 刘慈欣,何夕,王晋康 等 北京理工大学出版社 【新华书店正版图书书籍】",¥48.30
 科幻硬阅读·战争与和平（函套共4册）,¥109.90
 【正版包邮】阿西莫夫科幻经典（全3册）（“神一样的人”阿西莫夫被公认的经典巨作！时间旅行+平行宇宙+机器人学三大法则）,¥77.40
 威尔斯科幻小说精选：星球大战,¥23.10
 科幻小说三部曲：流浪地球+水星播种+人类基地（套装全3册）,¥135.10
 科幻文学群星榜--纤维 三体作者刘慈欣又一力作,¥32.10
 科幻文学群星榜--校园三剑客,¥28.30
 科幻硬阅读·超维度漫游·多维宇宙,¥36.20
 科幻硬阅读·超维度漫游（函套共3册）,¥108.70
 凡尔纳科幻三部曲：海底两万里+格兰特船长的儿女+神秘岛（精装全译本 全三册）,¥168.00
 科幻硬阅读·星际远行·深空死局,¥36.20
 科幻硬阅读·星际远行（函套共4册）,¥144.90
 科幻硬阅读·窥视未来（函套共3册）,¥134.40
 科幻硬阅读·战争与和平·后人类纪,¥36.20
 科幻硬阅读·星际远行·宇宙的落幕,¥36.20
 科幻硬阅读?星际远行?不完美接触,¥36.20
 朝闻道——世界科幻大奖“雨果奖”首位亚洲得主，《流浪地球》《三体》作者刘慈欣中短篇代表作集结,¥36.50
 科幻硬阅读·超维度漫游·时间旅行,¥36.20
 科幻硬阅读·星际远行·银河漫步,¥36.20
 银火箭少年科幻系列·第2辑（8册）当当自营图书 汇集星际旅行，探秘宇宙，超常人类及星球大战四大主题，给孩子多维度的科幻体,¥192.00
 威尔斯科幻小说精选：隐身人,¥18.90
 故乡明/科幻文学群星榜 中国科幻银河奖新人奖 冷湖奖得主王诺诺作品 世界末日的报丧者、未来的时空旅行者、被盘“活”的机器,¥24.50
 科幻星系丛书：宇宙回响,¥53.80
 科幻硬阅读·星空的召唤（函套共3册）,¥134.40
 科幻世界精选集2020 姚海军 精选10部年度优秀上刊作品未来战争、太空歌剧、人工智能、异星文明、时空穿梭、大数据分析正,¥28.56
 科幻世界·三体(三)死神永生,¥36.50
 科幻世界·三体(二)黑暗森林,¥30.70
 莱博维茨的赞歌（罗翔推荐！《时代》“史上TOP伟大的科幻”，一切废土题材的起源。雨果奖桂冠，30年稳居《轨迹》TOP10,¥49.90
 银河帝国2：基地与帝国（阿西莫夫：永恒的科幻经典！被马斯克用火箭送上太空的科幻神作，百万册珍藏版）读客科幻文库,¥45.00
 三体刘慈欣科幻作品典藏套装（含三体的3册+带上她的眼睛等书）,¥207.40
 银河帝国3：第二基地（阿西莫夫：永恒的科幻经典！被马斯克用火箭送上太空的科幻神作，百万册珍藏版）读客科幻文库,¥45.00
 故山松月：中国式科幻的故园新梦（套装3册）,¥151.20
 她科幻系列小说集：神明的旅程+金属的心事+星辰的眼睛+时间的孩子（套装共4册）,¥192.00
 虫·科幻中国·深空：外面的宇宙,¥36.20
 虫系列科幻中国小说（ 刘慈欣 王晋康等作者 超脑+深空+超维+未来 异种入侵星际移民平行世界等全套13册）,¥514.40
 虫·科幻中国·深空：星际移民,¥36.20
 气球上的五星期 科幻小说之父儒勒 凡尔纳用历险描绘世界，以科技诉说星辰,¥39.80
 威尔斯科幻小说精选：莫罗博士的岛,¥18.20
 虫·科幻中国·超脑：移魂有术（电影《缉魂》原著小说，程伟豪执导，张震、张钧甯、李铭顺主演）,¥35.30
 华语科幻四部曲 (孑遗者+巴鳞+云鲸记+地球的翅膀)（共4册）,¥180.50
 虫·科幻中国·未来：末世浩劫,¥36.20
 银河帝国：帝国三部曲（全3册）（阿西莫夫：永恒的科幻经典！百万册珍藏版）读客科幻文库,¥140.00
 凡尔纳经典科幻小说合集（套装共7册）,¥149.00
 虫·科幻中国·深空：深度撞击,¥36.20
 银河帝国：机器人五部曲（全5册）（阿西莫夫：永恒的科幻经典！百万册珍藏版）读客科幻文库,¥248.00
 虫·科幻中国·未来：消失的未来,¥36.20
 虫科幻小说系列 青少年读物刘慈欣作品【全13册】中国未来+深空+超脑+超维 刘慈欣作品集 三体全集 银河雨果奖郝景芳王晋,¥225.80
 朕是猫/科幻文学群星榜 中国科幻银河奖 星云奖 冷湖奖得主罗隆翔作品,¥37.80
 虫·科幻中国·超脑：拯救人类,¥36.20
 未来亲子档案：中国科幻亲情文学精选集 亲签200册,¥45.00
 100：科幻之书-III沙王,¥76.60
 威尔斯科幻小说精选：登月第一人,¥27.30
 虫·科幻中国·超脑：黑客横行,¥36.20
 虫·科幻中国·超维：时空尽头,¥36.20
 宇幻光年：第十一届北京科幻创作创意大赛“光年奖”获奖作品集,¥79.20
 格雷格·伊根经典科幻三重奏 （幻象文库）,¥170.90
 中国新科幻文学十五讲,¥84.50
 虫·科幻中国·未来：异种入侵,¥36.20
 异域/科幻文学群星榜 银河奖、全球华语科幻星云奖得主何夕作品 宇宙冒险、时间旅行、平行时空……,¥34.00
 银河帝国4：基地前奏（阿西莫夫：永恒的科幻经典！人类历史不容错过的系列小说，百万册珍藏版）读客科幻文库,¥61.00
 虫·科幻中国·未来：百年守望,¥35.30
 弗雷德里克·布朗经典科幻小说集：地球上最后的敲门声+穹顶之下（2册套装）,¥63.00
 刘慈欣科幻小说少年版（全12册）（神秘岛）,¥298.00
 梦/科幻文学群星榜 少儿文艺读物二等奖 科普电影文学剧本征文二等奖得主萧建亨作,¥44.50
 人工智能科幻小说丛书:薛定谔的图灵机,¥36.50
 灰城/科幻文学群星榜 中国科幻银河奖科幻星云奖得主张冉作品,¥31.20
 银河帝国大全集（全15册）阿西莫夫：永恒的科幻经典！被马斯克用火箭送上太空的科幻神作 百万册珍藏版 蒲熠星推荐!,¥766.00
 人工智能科幻小说丛书:讲故事的机器人,¥36.50
 八光分元宇宙科幻小说 卞和与玉 元宇宙征文百万大奖 华语科幻星云奖 四川大学出版社,¥40.30
 重燃/科幻文学群星榜 未来科幻大师奖 科联奖得主孙望路作品,¥31.20
 中国科幻名家获奖佳作丛书——火舞,¥22.60
 八光分元宇宙科幻小说 赛博遗产 元宇宙征文奇想奖 四川大学出版社,¥56.60
 乔治·威尔斯科幻小说精选（套装共5册）,¥101.50
 科幻三巨头作品:变型战争 刘慈欣王晋康何夕 9787547043165 万卷出版有限责任公司,¥17.55
 凡尔纳科幻三部曲：海底两万里+神秘岛+格兰特船长的儿女（套装共3册）,¥109.20
 虫·科幻中国·超脑（函套共3册）,¥107.70
 虫·科幻中国·未来（函套共4册）,¥144.00
 平面国 科幻大师艾西莫夫赞誉的百年经典之作 三体灵感的来源。从二维空间认知三维空间,¥32.40
 刘慈欣中短篇科幻双语成人版.带上她的眼睛,¥62.40
 NEXT科幻书系：月亮银行+北极往事+偷走人生的少女+一座尘埃（套装共4册）,¥180.00
 银河帝国：基地（人类历史上不容错过的系列小说。被马斯克用火箭送上太空的科幻神作，百万册珍藏版）（读客科幻文库）,¥45.00
 不管三七二十一：江波科幻二十一讲,¥88.20
 交错的世界：世界科幻图史（阿西莫夫、刘慈欣作序推荐）,¥180.50
 未来亲子档案：中国科幻亲情文学精选集,¥45.00
 刘慈欣中短篇科幻双语成人版.时间移民,¥57.40
 八光分元宇宙科幻小说 铁镜·面孔 元宇宙征文奇想奖 四川大学出版社,¥49.90
 古星图之谜/科幻文学群星榜 科幻星云奖科幻电影创意入围奖得主程嘉梓作品,¥40.70
 闪耀·四川科幻作家精选集,¥56.80
 百年中国科幻小说精品赏析,¥421.20
 阿缺长篇科幻小说集：星尘往事+红袖+与机器人同行（套装共3册）,¥135.00
 收获·科幻故事空间站丛书 第一辑：幻境工程师,¥22.10
 蛹唱/科幻文学群星榜 科幻星云奖长篇小说银奖得主迟卉作品,¥28.30
 八光分元宇宙科幻小说 死者长鸣 元宇宙征文奇想奖 四川大学出版社,¥46.10
 流浪地球（刘慈欣中短篇科幻双语成人版！当当专享印签！）,¥59.50
 创想未来·中国科幻名家系列（套装6册）电子梦幻+钢铁咆哮+生命代码+时空幻境+往日幻景+星辰大海,¥241.90
 科幻小说系列 中信出版社官方旗舰店,¥32.30
 数学陷落 数学不存在了？！如果1+1不再等于2，靠数学就能颠覆一个世界！《意识上传中》姐妹篇！格雷格·伊根作品 读客科幻,¥34.90
 科幻之路（全六卷）从吉尔伽美什到永远，科幻大师詹姆斯·冈恩集大成之作。这一次，彻底读懂世界科幻史。刘慈欣、尹传红诚挚推荐,¥668.00
 带上她的眼睛 （“雨果奖”得主刘慈欣短篇合集I）,¥32.60
 弦歌：中篇科幻小说集（收获·科幻故事空间站丛书. 第一辑）,¥36.50
 科幻星球全3册 火星使命三部曲全新少儿科幻长篇巨作小精灵与织女星守护者火星脸与大眼睛骆驼怪与大穹顶科幻作家赵华原创少儿科,¥108.00
 神经冒险/科幻文学群星榜 中国科幻银河奖得主杨平作品,¥28.30
 火星复古科幻,¥57.60
 金星复古科幻,¥76.80
 收获·科幻故事空间站丛书 第一辑：孤独心理师,¥24.00
 科幻世界·三体（图文版）,¥48.00
 科幻硬阅读·窥视未来·乱纪元 刘慈欣//何夕 北京理工大学出版社【新华书店正版图书书籍】,¥22.40
 科幻作家写给孩子的未来书.社会生活卷 编者:马传思//姚利芬|责编:梁祖云//叶竹君 四川文艺,¥13.90
 创想未来·中国科幻名家系列：钢铁咆哮,¥40.30
 星空的旋律——世界科幻简史,¥82.60
 怪物同学会恐惧机器(刘慈欣领衔推荐华语科幻星云奖十年获奖作品科幻小说),¥48.00
 使命：拯救人类/科幻文学群星榜 科幻星云奖编辑金奖得主刘维佳作品,¥24.50
 科幻文学群星榜/单孔衍射,¥29.80
 科幻硬阅读·窥视未来（函套共3册）,¥98.00
" 科幻硬阅读.超维度漫游(全3册) 刘慈欣,王晋康,阿缺 等 北京理工大学出版社 【新华书店正版图书书籍】",¥35.90
 创想未来·中国科幻名家系列（套装10册）,¥403.20
 科幻桃花源/科学家带你读科幻,¥15.62
 人造神祇：中国人工智能科幻小说佳作选,¥47.00
 凡尔纳科幻小说集 海底两万里 八十天环游地球 地心游记 神秘岛(中小学生课外阅读指导丛书)套装共4册 彩插无障碍阅读,¥85.20
 674号公路/科幻文学群星榜 全球华语科幻星云奖 科幻银河奖得主长铗作品,¥34.00
 虫科幻中国超脑系列3册 移魂有术+黑客横行+超脑-拯救人类 作者刘慈欣等 类型流浪地球科幻三体小说长篇科幻小说 畅销书,¥59.10
 星空的旋律·世界科幻简史(科幻入门书),¥36.20
 中国科幻星云奖作家书系：时间晶体（超侠视野超前的科幻力作：宏大的世界观、诡谲云涌的故事情节、严谨的逻辑思维，带给孩子科幻,¥27.90
 创想未来·中国科幻名家系列：星辰大海,¥40.30
 创想未来·中国科幻名家系列：时空幻境,¥40.30
" 科幻硬阅读.星际远行(全4册) 刘慈欣,王晋康,罗隆翔 等 北京理工大学出版社【新华书店正版图书书籍】",¥48.30
 科幻硬阅读·窥视未来(全3册) 刘慈欣 等 北京理工大学出版社【新华书店正版图书书籍】,¥41.10
 科幻文学群星榜--叶永烈- 暗斗 叶永烈 山东教育出版社 【新华书店正版图书书籍】,¥12.90
 科幻文学群星榜--梦 萧建亨 山东教育 【新华书店正版图书书籍】,¥17.40
 科幻硬阅读·星际远行（函套共4册）刘慈欣科幻小说全套 银河漫步+深空死局+不完美接触+宇宙的落幕 三体作者刘慈欣少儿科幻,¥75.00
 科幻文学群星榜--蛹唱 迟卉 山东教育 【新华书店正版图书书籍】,¥9.50
 科幻文学群星榜--子虚峡大坝兴亡记 潘家铮 山东教育 【新华书店正版图书书籍】,¥9.50
 科幻世界精选集(2020)/中国科幻基石丛书 姚海军 四川科学技术出版 【新华书店正版图书书籍】,¥20.40
 科幻小说杀手机器人日记系列全四册：异星危机＋人工条件＋紧急救援＋撤离战略,¥78.40
 科幻硬阅读·星空的召唤·外星人手册 刘慈欣//罗隆翔 北京理工大学出版社 【新华书店正版图书书籍】,¥22.40
 科幻世界·紫与黑,¥66.20
 科幻世界·科幻世界精选集2020/姚海军,¥46.10
 出卖月亮的人 点燃马斯克太空野心的科幻神作！领先NASA五十年 世界需要疯狂的理想主义者，去实现我们疯狂的梦想。读客科幻,¥39.90
 乡村教师(纪念珍藏版)/刘慈欣科幻系列,¥21.42
 有容书邦科幻小说 平面国+刀锋（精装本）,¥27.90
 创想未来·中国科幻名家系列：生命代码,¥40.30
 双螺旋：杨晚晴短篇科幻小说精选集,¥47.00
 创想未来·中国科幻名家系列（套装4册）,¥161.30
 人生不相见/全球华语科幻星云奖金奖作品集,¥17.44
 科幻世界·陶偶,¥40.30
 千年战争（新版）,¥24.00
 明日杀机——中国惊险悬疑科幻小说佳作选,¥47.00
 创想未来·中国科幻名家系列：机械纪元,¥40.30
 中国科幻星云奖作家书系：外星小绿人（杨鹏经典科幻作品集：见证科幻小说与科技的发展，学习科幻写作和创新思维，体会科学与人文,¥27.90
 创想未来·中国科幻名家系列：往日幻景,¥40.30
 生命密码 科幻小说 钟愧傲 中国言实出版社,¥89.00
 创想未来·中国科幻名家系列：群星呼唤,¥40.30
 科幻电影中的科学：科学家奶爸的宇宙+AI手绘（全2册）,¥110.20
 科幻中国-未来入侵,¥44.00
 给孩子的科幻绘本（第一辑）流浪地球编剧刘慈欣推荐！国内原创，激发孩子好奇心和想象力的科幻启蒙 陪孩子一起探索宇宙和未来【,¥159.20
 梦之海 刘慈欣科幻短篇小说集2 科幻短篇创作典藏 亚洲雨果奖得主三体作者刘慈欣著 中国科幻基石丛书 优秀短篇科幻小说畅销,¥18.00
 祈祷之海：格雷格·伊根经典科幻三重奏I (幻象文库）,¥55.70
 创想未来·中国科幻名家系列：机魂觉醒,¥40.30
 尘海之澜 5位科幻新秀获奖佳作！“80、90”后初心原创,¥45.00
 快活天：2023中国科幻小说年选,¥61.90
 讲故事的机器人/科幻文学群星榜 科幻星云奖科幻图书奖得主飞氘作品,¥24.50
 大地的年轮：中国都市科幻小说佳作选（著名小说家邱华栋、鲁迅文学奖得主石一枫、资深文学研究者 姜振宇鼎力推荐）,¥55.70
 凡尔纳科幻小说全集套装正版6册海底两万里+八十天环游地球+神秘岛+机器岛+格兰特船长的女儿+地心游记 世界文学名著小学初,¥62.50
 百年科幻-《金涛科幻精品系列》全6册,¥98.56
 百年科幻 《刘兴诗爷爷讲给孩子的科幻小说系列》,¥44.61
 中国科幻星云奖作家书系：梦印机（彭绪洛为青少年打造的科幻作品集，激发孩子潜藏的想象力，塑造更宏大的宇宙观）,¥27.90
 高维度渗透恐惧机器(刘慈欣领衔推荐华语科幻星云奖十年获奖作品科幻小说),¥48.00
 科幻世界·喧嚣荧光,¥40.30
 K星寻父探险记/科幻文学群星榜 中国科幻银河奖 齐鲁文学奖得主张静作品,¥24.50
 世界杂货店 罗伯特˙谢克里科幻小说集,¥55.70
 云球科幻小说全集 第一二三四部 时代、潜行、乱局、创世、宇宙系列：伊瓜多的战争 白丁作品 （套装5册）,¥157.80
 凡尔纳经典科幻全集全10册海底两万里八十天环游地球中小学生青少年课外阅读科幻小说书籍世界文学作品,¥255.40
 东方彗星·成渝科幻创作邀请赛作品集,¥53.80
 临界点7：第十届未来科幻大师奖精选集,¥72.00
 梅格时空大冒险·7~14岁儿童文学科幻经典（全5册）银河的裂缝 等5册儿童文学史上家喻户晓、不可逾越的经典,¥216.80
 科幻4本套装,¥40.30
 朝闻道——世界科幻大奖“雨果奖”首位亚洲得主，《流浪地球》《三体》作者刘慈欣中短篇代表作集,¥22.99
 创想未来·中国科幻名家系列：电子梦幻,¥40.30
 科幻文学群星榜/永恒之城,¥29.80
 中国科幻启蒙系列（套装5册）冲在音速的前面/轮回守护/米粒快跑/苏珊的小熊/宇宙热量大盗 9-12-15岁五六四年级的小,¥97.60
 阿缺科幻小说-与机器人同行 阿缺 著 航空工业出版社 【新华书店正版图书书籍】,¥16.50
 虫 科幻中国 未来：末世浩劫,¥17.91
 虫 科幻中国 超脑：移魂有术,¥11.64
 虫 科幻中国 超维：平行世界 何夕 等 北京理工大学出版社 9787568239578,¥17.91
 沸点科幻丛书——宇宙观察者何夕精选集 何夕 希望出版社 9787537974110,¥17.10
 虫 科幻中国 超维：时空尽头,¥18.31
 她科幻:星辰的眼睛 彭柳蓉 著 9787516526965 航空工业出版社,¥22.56
 再见哆啦A梦恐惧机器(刘慈欣领衔推荐华语科幻星云奖十年获奖作品科幻小说),¥48.00
 生命进阶-中国原创科幻文丛,¥36.50
 最后的火星人：弗雷德里克·布朗经典科幻小说集（科幻鬼才、短篇科幻之王 。斯蒂芬·金、星新一等科幻大佬一致推荐）,¥31.50
 刘慈欣科幻小说 全套共6册 深度撞击+平行世界+星际移民+吞噬地球+微纪元+2.5次世界大战全套共6册 与刘慈欣三体 科,¥87.50
 我们的科幻世界：宝树中短篇科幻小说集,¥33.91
 乡村教师 刘慈欣科幻系列 纪念珍藏版 流浪地球三体小说 科幻类书籍 科幻书籍 畅销书小说 当当自营长江文艺出版社,¥17.20
 美洲来的哥伦布/科幻文学群星榜 冰心儿童图书奖得主刘兴诗作品,¥40.70
 2020中国年度科幻小说,¥47.30
 三体1（典藏版）,¥25.00
 科幻世界·归来之人：杨晚晴中短篇科幻小说集/杨晚晴,¥53.80
 科幻电影中的科学：科学家奶爸的《流浪地球2》手绘,¥74.10
 三体3死神永生（典藏版）,¥46.10
 三体2黑暗森林（典藏版）,¥40.30
 中国科幻星云奖作家书系：星海迁徙（张静为少年儿童展现科幻感十足的神奇海底世界，兼具人文思考和科学元素，“科学小笔记”拓展,¥27.90
 中国新科幻（从眼前一亮到目瞪口呆 ，只需要一本《中国新科幻》！首届读客科幻文学奖优秀作品重磅集结！）（读客科幻文库）,¥22.50
 中国科幻星云奖作家书系：未来预言（刘慈欣经典短篇作品集粹：从经典科幻起航，驶向星辰大海，让孩子感受“科幻与未来”带来的心,¥25.00
 临界点5：第八届未来科幻大师奖精选集,¥55.70
 三界恐惧机器(刘慈欣领衔推荐华语科幻星云奖十年获奖作品科幻小说),¥48.00
 给孩子的科幻绘本（全8册）流浪地球编剧刘慈欣推荐！全国少儿科幻联盟发起人、央视动漫编剧等得主联袂创作！科幻启蒙【3-6岁,¥355.20
 科幻精神（《2666》作者科幻迷波拉尼奥文学宇宙的地基，媲美《荒野侦探》的青春诗篇）,¥55.70
 赌脑,¥45.00
 【新华先锋旗舰店正版包邮】最后一个人（《时代》杂志评其为“十大后世界末日小说”之一） 科幻小说,¥31.04
 未来的序曲：二十一世纪科幻小说杰作选（全2册）,¥75.80
 临界点6:第九届未来科幻大师奖精选集,¥71.00
 刘慈欣少儿科幻系列（全六册）,¥171.00
 创想未来·中国科幻名家系列：异星拓殖,¥40.30
 刘慈欣少儿科幻系列·彩插版（全6册）120幅精美彩插，再现震撼科幻场景,¥164.30
 国内原创科幻作品,¥46.10
 宿主,¥45.00
 太阳坠落之时(刘慈欣领衔推荐华语科幻星云奖十年获奖作品科幻小说),¥48.00
 刘慈欣少年科幻科学小说系列（全10册）（神秘岛）,¥250.00
 时空订制（中国ZUI高科幻奖项 星云奖 获奖作品合集）,¥52.00
 刘慈欣科幻小说 全套共6册 深度撞击+平行世界+星际移民+吞噬地球+微纪元+2.5次世界大战全套共6册 与刘慈欣三体 科,¥87.40
 环界日本科幻经典全4册 铃木光司烧脑之作 一套被误读的科幻小说 曾以午夜凶铃之名风靡亚洲 外国侦探悬疑小书籍正版,¥89.90
 现象级科幻电影：饥饿游戏套装全3册（奥巴马、斯蒂芬.金、斯蒂芬妮.梅尔等挑灯夜读）,¥83.50
 移魂有术 江波“魂”科幻专辑,¥42.10
 临界点3：2017未来科幻大师奖精选集,¥59.50
 刘慈欣科幻小说全套5册 球状闪电+超新星纪元+带上她的眼睛+梦之海典藏版三体全集作者刘慈欣的书科幻小说畅销书籍正版全新正,¥77.90
 科幻世界·未来症,¥51.80
 超新星纪元（新版）刘慈欣重磅作品，人类科幻史上极具代表性的作品，绽放“中国想象力”,¥41.10
 时间屋：2023中国年度科幻小说,¥41.00
" 未世 科幻小说集合集 陈楸帆 飞氘 宝树 江波 张冉 阿缺著 郑小驴主编 陈楸帆,飞氘,宝树,江波,张冉... 上海文艺",¥14.70
 科幻电影中的科学：科学家奶爸的智能体手绘,¥74.10
 雪崩(精)/世界科幻大师丛书 (美)尼尔·斯蒂芬森|总主编:姚海军|译者:郭泽 四川科技,¥33.10
 科幻电影中的科学：科学家奶爸的智能体手绘（签名版）,¥74.10
 中国新科幻读客科幻文库 读客科幻文库 9787559468284 江苏凤凰文艺出版社,¥18.00
 星云志（全九册）（星云奖纪念典藏套装，刘慈欣、郝景芳、刘宇昆三位雨果奖得主重磅推荐）,¥405.00
 NEXT科幻小说系列-月亮银行,¥22.27
 半人马座科幻系列-太阳系班车,¥22.23
 NEXT科幻小说系列-偷走人生的少女,¥22.27
 凡尔纳科幻小说系列(共6册),¥135.19
 十三层空间/世界科幻大师丛书,¥11.90
 黑日 丽贝卡·罗霍斯 科幻小说,¥65.50
 海底两万里：享誉世界的科幻名著，启迪心灵的佳作。精美插图版，带给您全新的阅读体验,¥54.60
 “科幻电影中的科学”系列（全4册）,¥258.40
 少年科幻大奖小说中短篇精选集：意外之外（套装3册）,¥113.40
 全套13册】虫系列科幻小说中国世界 未来+深空+超脑+超维王晋康刘慈欣三体作者经典作品全集银河雨果奖流浪地球的书籍畅销书,¥228.50
 星云志.再见哆啦A梦,¥45.00
 科幻世界·基里尼亚加（精装）,¥56.60
 扬名的游戏：白金作家高楼大厦科幻力作，展现人工智能的觉醒，背后的“他”，进行着一场关于欲望与良知的游戏。,¥41.20
 天年/中国科幻基石丛书,¥19.04
" 威尔斯科幻小说集：神秘世界的人 H.G.威尔斯,许钧,吴文智 大连理工大学出版社 9787568514255",¥11.16
